inj1rnlhp35xqtl0zwlp9tnrelykea9f52nd8av7ec,57163292000000000000000000
inj1wxrwumh8slg5qyefk3z46rzfagyhskhjsdf9r8,914613000000000000000000
inj1qde6grevjzw9mp00j8h9pzrr7xs6wxcaecjws0,2286532000000000000000000
inj1cmkfhk63ma5kc4f6jf6586negp8v4pcydcznj5,4573063000000000000000000
inj14kxpflpkqzzplpv6qq0ua66f2y3m9377pecxpf,365845000000000000000000
inj1lq9wn94d49tt7gc834cxkm0j5kwlwu4gm65lhe,57163292000000000000000000
inj10ng4t9dv3ha7y58xpgvqq9tpchdee3gsep5p63,9146127000000000000000000
inj16mkxhxld6024gx236lphaz2c4z2vr49k9dwch4,2743838000000000000000000
inj15jwgw9uvpk4czqtj447vl8eaaw02vfnu7sddcl,13719190000000000000000000
inj196k6upku56qatqq9ul85708yw5lplwtzhdxh0d,8002861000000000000000000
inj1d5288mj3h544cc9rhfq7hmsmxdpkr50r2aqe66,457306000000000000000000
inj1qk2rh2nkrynyd7jk68v3p64qzxrh5lrscqr2kc,2743838000000000000000000
inj1k5vhdsndss97zztggsxl43rd88fpukgn4pj9y6,57163292000000000000000000
inj1zs8thl38p8kdyn22qj75g5rtajv3c8sf6fmdpp,57163292000000000000000000
inj1rcjxtmnw77akduevn864e4nas865ldq8kfyedx,3658451000000000000000000
inj12sr2zum32d52f2w3qew6jr4am576vlnq0qacc3,5144751000000000000000000
inj14rq3fteduvdtyd4s6xk6mge4yn0hvjwq2gj3ke,4573063000000000000000000
inj16vkhepcdflg5m8vvpx77tf73tm8wmyses4jy3g,4573063000000000000000000
inj13s0z7acxvmaengrd553mpfy0u79we0t2uc5v54,22865317000000000000000000
inj1d4vnv3490ypz8kkdu4zyhcj9srfm6vmcl5nxfu,22865317000000000000000000
inj1j67sfzt3jct03m35kx6flhw6fjaxfv2duyhu0x,1371919000000000000000000
inj1yxehqj5ysgmhxlqtj4x9a6m7jr2cpg6he08xry,10975352000000000000000000
inj16mxwjjae2tamjefmjgmv9ddgxn2fzalj6wkgte,139021000000000000000000
inj1r5px2wwrm6p26am2jkvzzkjupktegj0sua6snf,1829225000000000000000000
inj1sdt5ndjkxy6w3j2wycgy87rqugw5u8n0m3kjdy,206353000000000000000000
inj1qc8yvk5j50znh3as8as3ddw42x2a6zezwzstte,1829225000000000000000000
inj1w8guzycc274300yg2yxlfrt4c8p3r79lhwl7k3,38635709000000000000000000
inj16dwt6ew8tnjkjcvtklupejd4vxatkj487ht64m,914613000000000000000000
inj15n0pey9pjkhs0k7vsvx2qnz8zklwcdg9wpjupy,22865317000000000000000000
inj1tdnw85y46temkyxvdfxsx8e43t9wk3y4axfc0g,4037284000000000000000000
inj1lksza4cu7r2x4e8dw05ws5sgvxlpl09kj22qct,914613000000000000000000
inj1hjkjc8drplj2tqnqjy7an47hv6nspk8p472jej,457306000000000000000000
inj1qjadavj8fjgxddm6n0q6tz3ldxy00lx5nwjdex,28035736000000000000000000
inj1cegxuj5dlz9naw9ezy2fu0zxmrxa5cctu6su3m,914613000000000000000000
inj1x25h98jn4xxueh0xszc5k6ty7fz2lp4ku7yk8c,3658451000000000000000000
inj1n3x9a4zsjt6g7l8nvfz5vwwz0kfqp2ymy2zvzf,914613000000000000000000
inj1kp6glqvmme9709kkph8rluczsjvltqv3ug0dms,4573063000000000000000000
inj1524wnmr900dtgykpaxvyt0g0hw6scj5luwy2uz,12575924000000000000000000
inj1jvvw26ddqu9vpjn5hlus9fj24rfhjplenfuar9,22865317000000000000000000
